id,name,nameKo,nameEn,groupId,xUrl,photoUrl,jpSupport
member-01,ハルナ,하루나,HARUNA,KOKOIYA,https://x.com/kokoiya_haruna,https://assets.st-note.com/img/1780277512-xKYkzJjOeuA10wisT4v5PFrc.jpg,some
member-02,まつ,마츠,MATSU,KOKOIYA,https://x.com/kokoiya_matsu,https://assets.st-note.com/img/1780277512-kxGRFDlAYTg4NJu91VvH5Khz.jpg,no
member-03,ひな,히나,HINA,KOKOIYA,https://x.com/kokoiya_hina,https://assets.st-note.com/img/1780277512-jv8Xw7hLANF0fzJYGgQoCE6b.jpg,ok
member-04,みゃお,먀오,MYAO,KOKOIYA,https://x.com/kokoiya_myao,https://assets.st-note.com/img/1780277512-YHwMTDpaE7mkGz1PZqNieJ3O.jpg,no
member-05,りこ,리코,RIKO,H7KD,https://x.com/H7KD_riko,https://assets.st-note.com/img/1780277511-NtbhawTDscJEHz4Cri9jl1o5.jpg,ok
member-06,ミヤミ,미야미,MIYAMI,H7KD,https://x.com/H7KD_miyami,https://assets.st-note.com/img/1780277511-iA64PLd2qMTYtX7nJBfkjKUg.jpg,ok
member-07,よる,요루,YORU,H7KD,https://x.com/H7KD_yoru,https://assets.st-note.com/img/1780277511-hyCXgwcFZQOUVxfkLRd8JeEB.jpg,unknown
member-08,るび,루비,RUBY,H7KD,https://x.com/H7KD_ruby,https://assets.st-note.com/img/1780277511-OHeEB0TgpV2dltZJrnKNPxD9.jpg,no
member-09,ゆん,윤,YUN,REIEI,https://x.com/YUNS4M4,https://assets.st-note.com/img/1780277512-mNPOxhEYA9DXqfvoarWdI8z1.jpg,ok
member-11,ヤン,얀,YAN,AISYU,https://x.com/AISYU_yan,https://assets.st-note.com/img/1780277511-83a2h4e5rsCREIztWBxQMVZN.jpg,unknown
member-12,イキ,이키,IKI,AISYU,https://x.com/AISYU_iki,https://assets.st-note.com/img/1780277511-F6CUm1VP5ilnIa7QxADZMuhL.jpg,unknown
member-13,クリム,크림,CREME,AISYU,https://x.com/AISYU_creme,https://assets.st-note.com/img/1780277511-VQMvm1OdDaoqW9seYSXL8zkg.jpg,unknown
member-14,モモ,모모,MOMO,AISYU,https://x.com/AISYU_momo,https://assets.st-note.com/img/1780277511-fRCr8vhtocLW5J7XydunEAIG.jpg,unknown
member-16,モカ,모카,MOKA,MOKANAKO,https://x.com/Moka_kawanari,https://assets.st-note.com/img/1780292053-kALQWKSGe8BwFyiu2XOsYJ5N.jpg,unknown
member-19,サラ,사라,SARA,ANiMA,https://x.com/ANiMA_S4rA,https://assets.st-note.com/img/1780277511-IRwFxfh8Kc5yAMr4ulT0Bvae.jpg,unknown
member-20,メイ,메이,MEI,ANiMA,https://x.com/ANiMA_MEI,https://assets.st-note.com/img/1780277511-EUoayM7mXeHWiNpwktYuSPTQ.jpg,unknown
member-21,ルコ,루코,RUKO,ANiMA,https://x.com/ANiMA_RUKO,https://assets.st-note.com/img/1780277511-il1juEhPWSI9XH83rOJVyq0K.jpg,unknown
member-22,あみ,아미,AMI,ANiMA,https://x.com/ANiMA_AMl,https://assets.st-note.com/img/1780277511-RQobfvFU8JzmKlVCSacDeMB1.jpg,unknown
member-24,ユリ,유리,YURI,A8Escape,https://x.com/A8E_Yuri,https://assets.st-note.com/img/1780277511-GxaXdngf6Ez1yDKIA0UF34rq.jpg,unknown
member-25,キョウ,쿄우,KYOU,A8Escape,https://x.com/A8E_kyou,https://assets.st-note.com/img/1780277511-RUmAgd1zEBLXMlt54uirjwCs.jpg,unknown
member-26,みわ,미와,MIWA,A8Escape,https://x.com/A8E_MiWa,https://assets.st-note.com/img/1780277511-WRaJ3Z0XyUsbmCVxvTpz2L5l.jpg,unknown
member-27,イナ,이나,INA,BETTER,https://x.com/tt_1na,https://assets.st-note.com/img/1780277511-aYbfmWTnN6MS2DB3He8jg5Co.jpg,unknown
member-28,soda,소다,SODA,BETTER,https://x.com/tt_5ODA,https://assets.st-note.com/img/1780277511-pvh7bT2d3aCwqnOGcFH1xY0D.jpg,unknown
member-29,ツムギ,츠무기,TSUMUGI,BETTER,https://x.com/tt_tsumu6i,https://assets.st-note.com/img/1780277511-wreoQJSVBMY6ROiUzKFhy0jc.jpg,unknown
member-30,M0NE(ミワン),마왕,M0NE,CLITZ,https://x.com/TRVUM3R3i,https://assets.st-note.com/img/1780277511-8fBMdUY6IRZLz4AoVu1TmrCQ.jpg,unknown
member-31,カナヲ,카나오,KANAO,CLITZ,https://x.com/CLiTZ_KANAO,https://assets.st-note.com/img/1780277511-nEGAbhctKyruLYwQVvF0qdlp.jpg,unknown
member-36,はに,하니,HANI,EITSUKU,https://x.com/EITSUKU_HANI,https://assets.st-note.com/img/1780277511-MYXTCKOF1pW2x6hluZARN95i.jpg,unknown
member-37,ちょ,쵸,CHYO,EITSUKU,https://x.com/EITSUKU_CHYO,https://assets.st-note.com/img/1780277511-ZI8j4O2YafeKtbAPoNTdpX9n.jpg,unknown
member-38,ちび,치비,CHIBI,EITSUKU,https://x.com/EITSUKU_CHIBI,https://assets.st-note.com/img/1780277511-5ENz0thpT29XFQ3jkMfiGaJP.jpg,unknown
member-43,える,에루,ERU,HINONAKA,https://x.com/HNK_Eru,https://assets.st-note.com/img/1780277511-zt7kAGaRq3DpdvyhU2PZJxcB.jpg,unknown
member-45,なお,나오,NAO,HURUCHU,https://x.com/HURUCHU_NAO,https://assets.st-note.com/img/1780277511-Uv0OQN9KEG28f6tgdrcHkJpe.jpg,ok
member-46,はつ,하츠,HEARTS,HURUCHU,https://x.com/HURUCHU_HEARTS,https://assets.st-note.com/img/1780277512-fj2i4F0UhR9De7bdtZWcrxvs.jpg,no
member-47,えすい,에스이,S2,JIBAKU,https://x.com/JIBAKU_S2,https://assets.st-note.com/img/1780277512-lrUTWskKdPeGn8DYcmISaZ5B.jpg,unknown
member-51,つる,츠루,TSURU,KAGERERU,https://x.com/KageReru_tsuru,https://assets.st-note.com/img/1780277512-56C3MEBsbovphTOzAgxNRUGa.jpg,no
member-52,空,소라,SORA,KAGERERU,https://x.com/KageReru_sora,https://assets.st-note.com/img/1780277512-6FwruVKWhdfX8RoL52Za7cjU.jpg,unknown
member-53,イヴ,이브,EVVE,KAGERERU,https://x.com/KageReru_evve,https://assets.st-note.com/img/1780277512-PqWlibsn8GjoazMvxJE4VmfI.jpg,unknown
member-54,ミニ,미니,MINI,KAGERERU,https://x.com/KageReru_mini,https://assets.st-note.com/img/1780277512-Q4pxGlcrFKUtEk2LoiTS9PJB.jpg,no
member-55,ピピ,삐삐,PPIPPI,KAGERERU,https://x.com/KageReru_ppippi,https://assets.st-note.com/img/1780277512-VXoUIjyCGNgSYt7bQanBJPdh.jpg,unknown
member-56,ポヨ,포요,PPOYO,LuciDreaM,https://x.com/LuciDreaM_PPOYO,https://assets.st-note.com/img/1780284780-Rk2SKtPhQ39mLy4pVBfEdFDv.jpg,unknown
member-57,ゆな,유나,YUNA,LuciDreaM,https://x.com/LuciDreaM_YUNA,https://assets.st-note.com/img/1780277512-suKQ5hcvJEyS6MY4pwlBD1fR.jpg,unknown
member-58,リア,리아,RIA,LuciDreaM,https://x.com/LuciDreaM_RIA,https://assets.st-note.com/img/1780277512-n6ma0WR9et15YsxMokQwVIHb.jpg,unknown
member-59,DIA,다이아,DIA,MEMORIA,https://x.com/Dia_Memoria,https://assets.st-note.com/img/1780277512-owl8OUzGWT9sfbAtCHgB5kY0.jpg,unknown
member-60,Rose,로즈,Rose,MEMORIA,https://x.com/Rose_memoria,https://assets.st-note.com/img/1780277512-4iQsd2H0RSmLGK7tlkbT6zwn.jpg,unknown
member-61,LEMON,레몬,LEMON,MEMORIA,https://x.com/lemon_memoria,https://assets.st-note.com/img/1780277512-fwdHhTjxW1krz9EenuKNpagM.jpg,unknown
member-62,ナビ,나비,NAB2,Mewro,https://x.com/Mewro_NAB2,https://assets.st-note.com/img/1780277512-o0zZteUcjSs1PvpHIY25AiLD.jpg,no
member-64,ヒア,히아,H1AH,Mewro,https://x.com/Mewro_H1AH,https://assets.st-note.com/img/1780277512-iGthyvSOP9XjBuzs5UaM60oR.jpg,unknown
member-65,ゆい,유이,YUI,monQ,https://x.com/yuiyui_monQ,https://assets.st-note.com/img/1780277512-X29oeZkM6qipjFE7amNA53zw.jpg,ok
member-66,リオン,리온,R1:on,monQ,https://x.com/rion_monQ,https://assets.st-note.com/img/1780277512-10dLYSuDW7Fa6lQCKtqxZr5R.jpg,unknown
member-67,ピュア,퓨어,PURE,monQ,https://x.com/pure_monQ,https://assets.st-note.com/img/1780277512-HTY8lbIVKB4kAf0u2e7jFJ6L.jpg,unknown
member-68,うさ,우사,USA,monQ,https://x.com/usa_monQ,https://assets.st-note.com/img/1780277512-LKIu6pYEG1BACjyTVPkhJMNn.jpg,some
member-69,きゅう,KYU,큐우,monQ,https://x.com/9_monQ,https://assets.st-note.com/img/1780277512-sbEj94B1TJgdPqZul8eQ0S7W.jpg,unknown
member-70,ソハ,소하,SOHA,NEKIRU,https://x.com/Nekiru_SOHA,https://assets.st-note.com/img/1780277512-RDJNEdqg4Tc81QrjFkuexzHY.jpg,unknown
member-71,ユズ,유즈,YUZU,NEKIRU,https://x.com/Nekiru_YUZU_,https://assets.st-note.com/img/1780277512-5ElZUMyoLTzJ8mvg0NfiB3Hk.jpg,unknown
member-72,ライ,라이,RAI,NEKIRU,https://x.com/Nekiru_RAI,https://assets.st-note.com/img/1780277512-Oh9kQG2gqKIWPvE05FHmaRdL.jpg,unknown
member-73,ゼロ,제로,Zer0,NOLIMIT,https://x.com/NoLimit_Zer0,https://assets.st-note.com/img/1780277512-utHvQiVRndClom6xTPFIkUyj.jpg,no
member-74,ユリコ,유리코,YURIKO,NOLIMIT,https://x.com/NoLimit_YRK,https://assets.st-note.com/img/1780277512-40DlU285HNeZK3fdr6iEbazc.jpg,ok
member-75,ルカ,루카,7uka,NOLIMIT,https://x.com/NoLimit_7uka,https://assets.st-note.com/img/1780277512-TCuDQhf7cym46PVw1EKeHa9l.jpg,unknown
member-77,みこ,미코,MIKO,ORIKA,https://x.com/Orika_miko,https://assets.st-note.com/img/1780277905-5YicNRXCSkZlTOxtr8BApJ3F.jpg,no
member-78,ゆつき,유츠키,UTSUKI,ORIKA,https://x.com/Orika_utsuki,https://assets.st-note.com/img/1780277512-v03n1LWlIbVJuAQ5Btrxjh7E.jpg,unknown
member-79,あやか,아야카,AYAKA,ORIKA,https://x.com/Orika_ayaa,https://assets.st-note.com/img/1780277512-PioX4U9Fv5yHWeRJN1A2IdSB.jpg,no
member-82,リユ,리유,RIYU,SOLANIN,https://x.com/solanin_riyu,https://assets.st-note.com/img/1780277512-URKWF6ekDjpvOoaG3s0ZPQng.jp,unknown
member-83,ルビ,루비,RUBY,SOLANIN,https://x.com/solanin_ruby,https://assets.st-note.com/img/1780277512-EKebgpnij5S4w6qrIJXsUuCh.jpg,ok
member-84,ツバサ,츠바사,TSUBASA,SOLANIN,https://x.com/solanin_tsub2s2,https://assets.st-note.com/img/1780277512-I25ny6rRjJetLWZhC8Fi1ouG.jpg,some
member-89,レエマイ,레에마이,REMA,UGOPOUPEE,https://x.com/UgoPoupee_My,https://assets.st-note.com/img/1780277512-TjCWwhUP9GocFdBV3ezYbsSx.jpg,unknown
member-90,まいな,마이나,MAINA,UGOPOUPEE,https://x.com/UgoPoupee_maina,https://assets.st-note.com/img/1780277512-kH8MGa7jKLyqmnhBJTZpVYI9.jpg,unknown
member-95,チョア,초아,CHOA,WISHLIZ,https://x.com/choA_WishLiZ,https://assets.st-note.com/img/1780277512-0OMduU2kGqe6X5RJx4DQBcHn.jpg,unknown
member-96,ヒロ,히로,HIRO,HCST,https://x.com/HCST_HIRO,https://assets.st-note.com/img/1780293379-lmITfoYnOX5DKhjtW1uMUH3s.jpg,unknown
member-97,ゆき,유키,YUKI,ASTERIA,https://x.com/asteria_YUKI,https://assets.st-note.com/img/1780293899-g1DRJUZN97ABTij8VEeFp6u4.jpg,unknown
member-98,ハレ,하레,HARE,ASTERIA,https://x.com/asteria_HARE,https://assets.st-note.com/img/1780293899-a98XbLvNDOESC7yxjwUzJZGQ.jpg,unknown
member-99,エバー,에버,EVER,NEKIRU,https://x.com/Nekiru_EVER__,https://assets.st-note.com/img/1780277512-v7CqNuloSVyA8M1sLiOzbT4d.jpg,unknown
member-100,かな,카나,KANA,YUMEKI,https://x.com/YUMEKi_K4NA,https://assets.st-note.com/img/1780281966-jp03e7dlTiDZf1GKtaVSovLE.jpg,unknown
member-101,きりえ,키리에,KIRIE,YUMEKI,https://x.com/YUMEKi_KIRIE,https://assets.st-note.com/img/1780281966-7XmLIyHvoBiu1WO3RlhP6Uxs.jpg,unknown
member-102,さこ,사코,SAKO,YUMEKI,https://x.com/YUMEKi_SAKO,https://assets.st-note.com/img/1780281966-IjQ0vzcHCVkT5Z3DebWLpsma.jpg,unknown
member-103,みお,미오,MIO,YUMEKI,https://x.com/YUMEKi_MIO,https://assets.st-note.com/img/1780281966-YlvfnhNxj0bBZJOCgyE1M5pu.jpg,unknown
member-105,ラク,라쿠,RAKU,ZZZ,https://x.com/raku_eskoip,https://assets.st-note.com/img/1780277512-793wlsfTamE6QcxFt5Uj210u.jpg,unknown
member-106,トモリ,토모리,TOMORI,ZZZ,https://x.com/TOMORI__zzZ,https://assets.st-note.com/img/1780277512-wpKB1EMzCNnjc5exroVaGsOI.jpg,some
member-107,コル,코루,KORU,ZZZ,https://x.com/KORU__zzZ,https://assets.st-note.com/img/1780277512-tKio4jxWlEQcn2dYu0H5P87k.jpg,no
member-108,ワール,와루,WARRIOR,ZZZ,https://x.com/were_warrior,https://assets.st-note.com/img/1780277512-w2hHzGntOidcDIm61Lkg0RVy.jpg,unknown
member-109,アリサ,아리사,ARISA,ZZZ,https://x.com/ARISA__zzZ,https://assets.st-note.com/img/1780277512-J4qwGLsDxPbEBroW6j0OXH2T.jpg,unknown
member-110,ぱるあ,파루아,PARUA,MSYH,https://x.com/MSYH_MURASAKI,https://assets.st-note.com/img/1780277512-XOASaeUP2KvjZs3zwIF40GVT.jpg,unknown
member-111,タナ,타나,TANA,MSYH,https://x.com/MSYH_BLOOD,https://assets.st-note.com/img/1780277512-cLXQx16YIJ3574riSuaneMVd.jpg,unknown
member-112,どい,도희,Dohee,MSYH,https://x.com/MSYH_PINK,https://assets.st-note.com/img/1780277512-o2SEU6LlXk5PVzsQxavDiuKh.jpg,unknown
member-113,こい,코이,KOI,MSYH,https://x.com/MSYH_NEON_GREEN,https://assets.st-note.com/img/1780277512-zHfNDV0ClE73FQZtbiY4UpxO.jpg,unknown
member-114,はにゃ,한야,Hanya,MSYH,https://x.com/MSYH_SKYBLUE,https://assets.st-note.com/img/1780277512-Lx2Sm6j91DO3PNJdHkizFunp.jpg,ok
member-115,アム,아무,AMU,KISEO,https://x.com/KISEO_AMU/media,https://assets.st-note.com/img/1780277512-14DEcQ8lLfx9KgAMGoPqUbk3.jpg,ok
member-116,ネギ,네기,NEGI,KISEO,https://x.com/KISEO_NEGI,https://assets.st-note.com/img/1780277512-vZsdYKfgCE2Rr54S9yLz1XmN.jpg,ok
member-117,ZERO,제로,ZERO,KISEO,https://x.com/KISEO_ZERO,https://assets.st-note.com/img/1780277512-dvElV6jzsi0JUtknMOyI4CZ5.jpg,unknown
member-118,ナラ,나라,NARA,KISEO,https://x.com/KISEO_NARA,https://assets.st-note.com/img/1780277512-S7tXsjl2QonydPDa1IrcuEYW.jpg,unknown
member-119,たろ,타로,TARO,URAOKO,https://x.com/ATGN_taro,https://assets.st-note.com/img/1780292338-zFkHhfTUBL1i95M2glIvyD4X.jpg,unknown
member-120,しずく,시즈쿠,SHIZUKU,ANTAGONIST,https://x.com/ATGN_shizuku,https://assets.st-note.com/img/1780292456-xeXPCQTzrZq4pjYWV7G6KNAO.jpg,unknown
member-123,エオ,애오,AEO,DAKARA,https://x.com/DaKaRa_aeo,https://assets.st-note.com/img/1780277511-2Qv1tTZzu9hJr0dOCWemYS3y.jpg,unknown
member-124,シュクメイ,슈크메이,SUKMEI,DAKARA,https://x.com/DakaRa_Sukmei,https://assets.st-note.com/img/1780277511-fpxznSRJog4FbTuQ0a6YMG8H.jpg,unknown
member-125,モナゲ,모나게,MONAGE,DAKARA,https://x.com/DaKaRa_monage8,https://assets.st-note.com/img/1780277511-lWaRqrCJEbkwsHhpLU29xIAm.jpg,unknown
member-126,ピィー,피이,P,ETORI,https://x.com/ETORI_P,https://assets.st-note.com/img/1780277511-axQuH8XqycdOS5hPNB0sZmpn.jpg,unknown
member-127,ミケ,미케,MIKE,ETORI,https://x.com/ETORI_MIKE,https://assets.st-note.com/img/1780277511-LPhS21C3nQpJ5iGryBxDmVYj.jpg,unknown
member-128,まゆ,마유,MAYU,ETORI,https://x.com/ETORI_Mayu,https://assets.st-note.com/img/1780277511-e9VL25lXAm8gqs1GQToCztn7.jpg,unknown
member-129,ゼノ,제노,ZENO,ETORI,https://x.com/ETORI_ZENO,https://assets.st-note.com/img/1780277511-7CmnBvxJkEQYhAR8dja30sNH.jpg,unknown
member-130,よみ,요미,YOMI,ETORI,https://x.com/ETORI_Yomi,https://assets.st-note.com/img/1780277511-GJZChQFIW4bAlUMr65tzSpe7.jpg,unknown
member-131,レイナ,레이나,REINA,HRMK,https://x.com/HRMK_REINA,https://assets.st-note.com/img/1780277511-gD3GYnNqyIc4bxLf0w7u8Qvt.jpg,unknown
member-132,ケキ,케키,KEKI,HRMK,https://x.com/HRMK_KEKI,https://assets.st-note.com/img/1780277511-zaIrZ6yli4vnjNqwf5m7CMWB.jpg,unknown
member-133,ミキ,미키,MIKI,HRMK,https://x.com/HRMK_MIKI,https://assets.st-note.com/img/1780277511-H0u8WIP9CXmMNj2RABpa61sV.jpg,unknown
member-134,あめ,아메,AME,MIRUHA,https://x.com/miruha_ame,https://assets.st-note.com/img/1780277512-0AmYPkEMIC6BbQLisOGolJRz.jpg,unknown
member-135,セビョル,샛별,Saetbyul,MIRUHA,https://x.com/miruha_star,https://assets.st-note.com/img/1780277512-pxVeLJvbWZTdfQuE1t5rSnYo.jpg,unknown
member-137,Nero,네로,Nero,NERO,https://x.com/neroOnya,https://assets.st-note.com/img/1780277512-AhqcvlTQxkL7IBHbmVoWUa1D.jpg,unknown
member-138,ルネ,르네,RENÉE,NIGHTS,https://x.com/AITHER_Renee,https://assets.st-note.com/img/1780277512-sQutMzpeaqcU7xHK2XjWN5mE.jpg,unknown
member-140,MENA,메나,MENA,NOEXIT,https://x.com/MEnamong_,https://assets.st-note.com/img/1780277512-ITQLbN014mVEyknRqJzKf9ae.jpg,unknown
member-141,UME,우메,UME,NOEXIT,https://x.com/UMEisnotplum,https://assets.st-note.com/img/1780277512-jeD2vmkaCbxOpJ1wYy8GL5BV.jpg,unknown
member-142,EN,엔,EN,NOEXIT,https://x.com/ENIMUNIDA,https://assets.st-note.com/img/1780277512-uOgLq40eI3db9F82MCGYw1j7.jpg,unknown
member-146,むい,무이,MUI,ONIKENBAI,https://x.com/mui_onikenbai,https://assets.st-note.com/img/1780277512-mZcp2sJeOWdGtk9ubAPTjSz3.jpg,unknown
member-147,つだ,츠다,TSUDA,ONIKENBAI,https://x.com/tsuda_onikenbai,https://assets.st-note.com/img/1780277512-ElIzCMwr8uk5qLU9aKN6Q23B.jpg,unknown
member-149,イロタワ,이로타와,IROTAWA,PANDOAKU,https://x.com/irotawa,https://assets.st-note.com/img/1780277512-kR3BxG6wLNVhqe8jEHoXF0cn.jpg,unknown
member-152,マカ,마카,MAKA,PANDOAKU,https://x.com/maka_sou1_,https://assets.st-note.com/img/1780277512-QZODBu0NJ1wdFCshTV8Rfpkj.jpg,unknown
member-153,ましろ‎ちゃま,마시로,MASHIRO,POCHIPURI,https://x.com/PPPURI_mashi,https://assets.st-note.com/img/1780277512-2u0yOhgajWzdTtbqeRpUcDIX.jpg,unknown
member-154,あき,아키,AKI,POCHIPURI,https://x.com/PPPURI_aki,https://assets.st-note.com/img/1780277512-dR4hlW8OVvFzwKQib5qIxUHy.jpg,unknown
member-156,やみい,야미이,YAMII,POCHIPURI,https://x.com/PPPURI_yamii,https://assets.st-note.com/img/1780277512-vsoyh9NSGFAU8tlX7dgQJ2PK.jpg,unknown
member-160,アン,안,ANN,TOSTAGE,https://x.com/toStage_Ann,https://assets.st-note.com/img/1780277512-4oeczw7SByCW19AExRu52naO.jpg,unknown
member-164,チイ,치이,CHII,17HZ,https://x.com/chii_17Hz,https://assets.st-note.com/img/1780277511-TsK7ekonXWrdCBJvhxzfMPLy.jpg,unknown
member-165,アカ,아카,AKA,17HZ,https://x.com/Aka_17Hz,https://assets.st-note.com/img/1780277511-P4vqEhzFSf8XJ3tid1O2cUye.jpg,unknown
member-166,シノン,시논,SHINON,17HZ,https://x.com/shinon_17Hz,https://assets.st-note.com/img/1780277511-3IT9ROH70Jx8KUzNcSP2LwZv.jpg,unknown
member-167,シソ,시소,SISO,ISIBIPRO,https://x.com/2i20_is2bi,https://assets.st-note.com/img/1780277511-Hlpn7cUJ4gjEouqkWD8F9tsK.jpg,unknown
member-168,イヨ,이요,YIYO,ISIBIPRO,https://x.com/chanyiyo_is2bi,https://assets.st-note.com/img/1780277511-4xYPAWKilTfyVvQquJjU7NXZ.jpg,unknown
member-169,かんな,칸나,KANNA,MIDSYN,https://x.com/Kanna_Midsyn,https://assets.st-note.com/img/1780277512-J8pdZURlMriCoQDb350Bgyxs.jpg,unknown
member-170,キロ,키로,KIRO,MIDSYN,https://x.com/Kiro_Midsyn,https://assets.st-note.com/img/1780277512-K6y5MV7DHxnpXUTQWjvRrASI.jpg,unknown
member-171,あず,아즈,AZU,MIDSYN,https://x.com/Azu_Midsyn,https://assets.st-note.com/img/1780277512-LHR4eGtigWclmDZS79zfX06d.jpg,unknown
member-172,すいか,스이카,SUIKA,MIDSYN,https://x.com/Suika_Midsyn,https://assets.st-note.com/img/1780277512-0jaxVrmvUOSfhpWRHNGZeu4P.jpg,unknown
member-173,カナト,카나토,KANATO,MIDSYN,https://x.com/Kanato_Midsyn,https://assets.st-note.com/img/1780277512-CpG0L3I6Zxtj21nQvowPUXb8.jpg,unknown
member-175,ちゅや,츄야,CHUYA,NEK1PR4DE,https://x.com/PR4DE_chuya,https://assets.st-note.com/img/1780277512-rk6YbwahZjK0cJyvfToEGme3.jpg,unknown
member-176,さく,사쿠,SAKU,NEK1PR4DE,https://x.com/PR4DE_saku,https://assets.st-note.com/img/1780277512-OGlIsnzaXph59mVMBdHcUfkJ.jpg,unknown
member-177,ユノ,유노,YUNO,HOKAIBO,https://x.com/HOKAIBO_yuno,https://assets.st-note.com/img/1780277511-UNK0awYfnzylEbTQ4Agdseu1.jpg,unknown
member-178,セツ,세츠,SETS,HOKAIBO,https://x.com/HOKAIBO_sets,https://assets.st-note.com/img/1780277511-g2snl1jQp85R4zU3Mubo0AKO.jpg,unknown
member-179,シム,시무,SIMU,HOKAIBO,https://x.com/HOKAIBO_simu,https://assets.st-note.com/img/1780277511-yMIsO9bERF0iGqYB4Cr3UHjz.jpg,unknown
member-180,つぐ,츠구,TSUGU,HOKAIBO,https://x.com/HOKAIBO_tsugu,https://assets.st-note.com/img/1780277511-saCAi8Hgq2hOP4T6z7WlXmYo.jpg,unknown
member-181,ハル,하루,HARU,SE2RO,https://x.com/1dayour,https://assets.st-note.com/img/1780277512-LUsQdebJZfFHkmPwoDS27OBG.jpg,unknown
member-182,なこ,나코,NAKO,MOKANAKO,https://x.com/nakk0nyan,https://assets.st-note.com/img/1780277512-XKZ7NfEILPQihUoT8vDC2yMj.jpg,unknown
member-183,スミ,스미,SUMI,MHNR,https://x.com/MHNR_sumi,https://assets.st-note.com/img/1780277512-CThLZQco8l9SJBsdrwbHiKY7.jpg,unknown
member-186,ムム,무무,MUMU,MHNR,https://x.com/MHNR_mumu,https://assets.st-note.com/img/1780277512-LOModQnuZEKTvFl47ByIxwSX.jpg,unknown
member-187,あつ,아츠,AHTSU,CHUKIDOLL,https://x.com/ahtsu_oibasa,https://assets.st-note.com/img/1780277511-nOX0VUT1vkbNDJRFe2f3d4zP.jpg,unknown
member-188,ヒユ,히유,HeeU,DX,https://x.com/D_X_HeeU,https://assets.st-note.com/img/1780277512-cWHV5C4rAeBtvnDJi3ya9bh6.jpg,unknown
member-189,キア,키아,Kiah,DX,https://x.com/D_X_Kiah,https://assets.st-note.com/img/1780277512-VDcQJzLGvEPywr1ak3ZMWXTe.jpg,unknown
member-190,ナイン,나인,NiNE,DX,https://x.com/D_X_NiNE,https://assets.st-note.com/img/1780277512-Yz1dHimX3KrRIUxlL49J87nD.jpg,unknown
member-191,イドゥ,이드,idd,DX,https://x.com/D_X_idd,https://assets.st-note.com/img/1780277512-mNdnh7bPAayFsOix1BWjVQtq.jpg,unknown
member-193,ユア,유아,YUA,DEARVE,https://x.com/Dearve_YUA,https://assets.st-note.com/img/1780167808-rnu0CAo1thdWPm4NRSBvHIsX.jpg,unknown
member-194,ハルヒ,하루히,HARUHI,DEARVE,https://x.com/Dearve_HARUHI,https://assets.st-note.com/img/1780167808-QRThNO6zkPUGA0jBiLalH7no.jpg,unknown
member-195,シル,시루,SIRU,DEARVE,https://x.com/Dearve_SIRU,https://assets.st-note.com/img/1780167808-CEojesztq2f5M6AOTIBHX7pn.jpg,unknown
member-196,チウ,치우,CHIU,ARIS,https://x.com/ARIS__CHIU,https://assets.st-note.com/img/1780167787-VHPB5lZYG1r94zLhwEUk208X.jpg,unknown
member-197,レア,레아,REA,ARIS,https://x.com/ARIS__REA,https://assets.st-note.com/img/1780167787-bXKPTiEwmlgL7ByW6RjUk3fG.jpg,unknown
member-198,リゼ,리제,LIZE,ARIS,https://x.com/ARIS__LIZE,https://assets.st-note.com/img/1780167787-mTIyR7bSX4wA6Muc08odl1ha.jpg,unknown
member-199,ココ,코코,COCO,ARIS,https://x.com/ARIS__COCO,https://assets.st-note.com/img/1780167787-zFkati4nUmP9j10boYTfeMyQ.jpg,unknown
member-200,ななち,나나치,NANACHI,MAIMATSU,https://x.com/77chi_mmts,https://assets.st-note.com/img/1780167849-AC3ZrspcHI25Sv89mN4JF0eo.jpg,unknown
member-201,ヒネ,히네,HINE,MAIMATSU,https://x.com/HiNE_mmts,https://assets.st-note.com/img/1780167849-ORuKYF6MdilhobA0t8jxJVe1.jpg,unknown
member-202,ウカ,우카,UKA,MAIMATSU,https://x.com/Uka_mmts,https://assets.st-note.com/img/1780167849-pVF5dwvzr4EQIu1LADKWgRTj.jpg,unknown
member-203,ナリ,나리,NARI,MAIMATSU,https://x.com/nari_mmts,https://assets.st-note.com/img/1780167849-NYUv9JBSad1knZxO5uCEeswy.jpg,unknown
member-204,パレオ,파레오,PAREO,KNIGHTMELLO,https://x.com/Kmello_PAREO,https://assets.st-note.com/img/1780167828-X9uSaRg1lOEGK5iYvcH6T4Mm.jpg,unknown
member-205,エモ,에모,AEMO,KNIGHTMELLO,https://x.com/kmello_AEMO,https://assets.st-note.com/img/1780167828-RNa1BuOYUP7vDcHo0eLFnx8V.jpg,unknown
member-206,るね,루네,RUNE,KNIGHTMELLO,https://x.com/Kmello_RUNE,https://assets.st-note.com/img/1780167828-JjUgfHld8ucLvm9sNXaiFRwo.jpg,unknown
member-207,ぽぱ,포파,POPA,KNIGHTMELLO,https://x.com/kmello_POPA,https://assets.st-note.com/img/1780167828-QlXIkiqUvB3d1FnS7omsjHK8.jpg,unknown
member-208,なつは,나츠하,NATSUHA,NATSUHA,https://x.com/NATSUHAofcl,https://assets.st-note.com/img/1780167869-7QnepogMGCXSxjJBZEF8AbiR.jpg,unknown
member-209,ナナ,나나,NANA,ASTERISK,https://x.com/u_and_nana,https://assets.st-note.com/img/1780167787-3hKGkS9QzP2twrc0gsnfYi5T.jpg,unknown
member-210,シュン,슌,SHUN,ASTERISK,https://x.com/0Shun_i,https://assets.st-note.com/img/1780167787-2cugFMKfZ6V4UjsiLbYXx9Tz.jpg,unknown
member-211,ミンハ,밍하,MINGHA,CUSEHACKER,https://x.com/CUSEHACKER_MING,https://assets.st-note.com/img/1780167798-CHn5pPdjs9Goc7Tu43q16QEY.jpg,unknown
member-212,ユカ,유카,YUKA,CUSEHACKER,https://x.com/CUSEHACKER_YUKA,https://assets.st-note.com/img/1780167798-43xTRVnXr7wiystvGAcapHFO.jpg,unknown
member-213,キネ,키네,KINE,CUSEHACKER,https://x.com/CUSEHACKER_KINE,https://assets.st-note.com/img/1780167798-nelWacT12UVBhdNkHIfXFqi9.jpg,unknown
member-215,アラ,아라,ARA,LIAR,https://x.com/LiaR_Ara,https://assets.st-note.com/img/1780167838-Z4YVs3XOlH6hIguejTNvd2C0.jpg,unknown
member-216,ユエ,유애,YUAE,LIAR,https://x.com/LiaR_YUAE,https://assets.st-note.com/img/1780167838-z3tuLUeWQswbFR7ZmM9Bc8aG.jpg,unknown
member-217,ルミ,루미,LUMI,LIAR,https://x.com/Liar_Lumi,https://assets.st-note.com/img/1780167838-9bgIrzRoeFavqwH0xA21j4Us.jpg,unknown
member-218,へオン,해온,HAEON,MIERE,https://x.com/MIERE_Haeon,https://assets.st-note.com/img/1780167861-WB2UXPm7CwDaxGu6hpSMqKZ1.jpg,unknown
member-219,ひる,히루,HIRU,MIERE,https://x.com/MIERE_Hiru,https://assets.st-note.com/img/1780167861-0G2nfCaLqtpZMlVJUWNy5Ecj.jpg,unknown
member-220,モキ,모키,MOKI,MIERE,https://x.com/MIERE_Moki,https://assets.st-note.com/img/1780167861-wjW0zOsZrNt7aG6VhqkAUuLp.jpg,unknown
member-221,ルシア,루시아,LUCIA,MIERE,https://x.com/MIERE_Lucia,https://assets.st-note.com/img/1780167861-XuaeYhGFyRks7HBLlE2jfC3i.jpg,unknown
member-222,カレン,카렌,KAREN,OBSID,https://x.com/Obsid_Karen,https://assets.st-note.com/img/1780167879-gJPiqNUfE6od91hyR2ap5mDC.jpg,unknown
member-223,ビビ,비비,VV,OBSID,https://x.com/Obsid_Vv,https://assets.st-note.com/img/1780167879-HvAk9b5Z6nCfLQsh08xlUBWy.jpg,unknown
member-224,みょ,묘,MYO,OBSID,https://x.com/Obsid_Myo,https://assets.st-note.com/img/1780167879-bDLvgKBQUXtfViRhcn6Yyazr.jpg,unknown
member-225,ショウ,쇼우,SH0W,MIKOME,https://x.com/MIKOME_SH0W,https://assets.st-note.com/img/1780167861-0WFiUmcx2XVGkKfYjzbEnOAN.jpg,unknown
member-226,ことね,코토네,KOTONE,MIKOME,https://x.com/MIKOME_KOTONE,https://assets.st-note.com/img/1780167861-zjTFRJ1cHLVePrsgqSa8x4tC.jpg,unknown
member-227,リリカ,리리카,RIRIKA,MIKOME,https://x.com/MIKOME_RIRIKA,https://assets.st-note.com/img/1780167861-jQDGJZ0IOVKpPm1TUNMSc9Xl.jpg,unknown
member-228,ツユ,츠유,TSUYU,MIKOME,https://x.com/MIKOME_TSUYU,https://assets.st-note.com/img/1780167861-snTgUzCwtJGXj6dDcLIqhiRl.jpg,unknown
member-229,エクレア,에쿠레아,EKUREA,AU,https://x.com/AU_ekurea,https://assets.st-note.com/img/1780167798-5U6i9jcPwnGKaMZsuALg3dDo.jpg,unknown
member-230,ジョイ,조이,JOY,AU,https://x.com/AU__JOY,https://assets.st-note.com/img/1780167798-p7UCQWEJo2lhBc1v9x0qZ6Dy.jpg,unknown
member-231,ユタ,유타,YUTA,URAOKO,https://x.com/OVerie_yuta,https://assets.st-note.com/img/1780167901-8AzIZVDyYGmaULrFco57gqEC.jpg,unknown
member-232,ウイ,우이,UUI,URAOKO,https://x.com/0p_uui,https://assets.st-note.com/img/1780167894-G14lzYO7tA0SpMKhBqyDf3Eo.jpg,unknown
member-234,ハネ,하네,HANE,2REACHU,https://x.com/2reachU_HANE,https://assets.st-note.com/img/1780167765-LBYPXVU5lRCaGHz6OoTsjArI.jpg,unknown
member-235,レミ,레미,REMI,2REACHU,https://x.com/2reachU_Remi,https://assets.st-note.com/img/1780167765-5MDqlIkiXhUH9xZrCanzTY34.jpg,unknown
member-236,エジョン,애정,AEJEONG,2REACHU,https://x.com/2reachU_Aijou,https://assets.st-note.com/img/1780167765-5Fq7AYP1vyWi06Khf2NtB9lQ.jpg,unknown
member-237,ちより,치요리,CHIYORI,AMKZ,https://x.com/AMKZ_chiyori,https://assets.st-note.com/img/1780167777-lrPVkQsSMhKDWTd09BpEHXzf.jpg,unknown
member-238,チュキ,츄키,CHUKI,AMKZ,https://x.com/AMKZ_Chuki,https://assets.st-note.com/img/1780167777-Rjw93vsSh2PeMbaO04YpcNZI.jpg,unknown
member-239,シャナ,샤나,SHANA,AMKZ,https://x.com/AMKZ_Shana,https://assets.st-note.com/img/1780167787-MidneRyv3mcDZUWVolFC9Ea4.jpg,unknown
member-240,さつい,사츠이,SATUI,AMKZ,https://x.com/AMKZ_satui,https://assets.st-note.com/img/1780167787-rCG2I4miAMVtYBblHPcpXRdK.jpg,unknown
member-241,ゆあ,유아,YUA,AMKZ,https://x.com/AMKZ_Yua,https://assets.st-note.com/img/1780167787-y9QjaJpD4NodHVnRk25lxOvb.jpg,unknown
member-242,チュイ,츄이,CHUI,SUITA,https://x.com/chui_nim,https://assets.st-note.com/img/1780167894-8QX36LnUZ7mqCuVEDxwbr0YJ.jpg,unknown
member-243,アイ,아이,AI,SUITA,https://x.com/AiAi__LoveLove,https://assets.st-note.com/img/1780167894-zSTnaC1BYX0ARjIwkf894QVb.jpg,unknown
member-244,ルナ,루나,RUNA,FKEYS,https://x.com/FKEYS_runa,https://assets.st-note.com/img/1780167808-YDtNQROuyfK5TcismFgoG0Ak.jpg,unknown
member-245,ドウォン,도원,DOWON,FKEYS,https://x.com/FKEYS_dowon,https://assets.st-note.com/img/1780167808-apcUdBzCkPilWmo6wI9QM5EK.jpg,unknown
member-246,ラヘル,라헬,RAHEL,FKEYS,https://x.com/FKEYS_rahel,https://assets.st-note.com/img/1780167808-Wdf0noBvGEAriL3OlCNDyp5q.jpg,unknown
member-247,しょこ,쇼코,SHOKO,SRK,https://x.com/SRK_SHOKO,https://assets.st-note.com/img/1780167894-LZgUYMn56mFNhVk9dDO2uRpf.jpg,unknown
member-248,ゆは,유하,YUHA,SRK,https://x.com/SRK_YUHA,https://assets.st-note.com/img/1780167894-AUGqacNxpEZHeDjV94z1BFbI.jpg,unknown
member-249,えい,에이,EI,SRK,https://x.com/SRK_EI,https://assets.st-note.com/img/1780167887-vhpbn0uLtdV2ekOrFHgxcZ9a.jpg,unknown
member-250,よい,요이,YOI,SRK,https://x.com/SRK_YOI,https://assets.st-note.com/img/1780167894-ADCnyZqudGQ12L37kh6oft0r.jpg,unknown
member-251,ちえこ,치에코,CHIEKO,SRK,https://x.com/SRK_CHIEKO,https://assets.st-note.com/img/1780167887-X5AgYIU0hJ16TEp49BLNz7MG.jpg,unknown
member-252,チャマ,챠마,CHAMA,INEHEART,https://x.com/IneHeart_chama,https://assets.st-note.com/img/1780167818-5oBCtYqGaZelRdHAjVkPcL2n.jpg,unknown
member-253,みゆ,미유,MIYU,INEHEART,https://x.com/IneHeart_Miyu,https://assets.st-note.com/img/1780167828-UwNOhHrz6fJXZuGyBMSgivpD.jpg,unknown
member-254,いちご,이치고,ICHIGO,INEHEART,https://x.com/IneHeart_ichigo,https://assets.st-note.com/img/1780167818-LQdAOl0Gza47MnNJIcPrKDjX.jpg,unknown
member-255,シュウコ,슈우코,SHKO,POCOX2LOGIN,https://x.com/STAYTUNED_shko,https://assets.st-note.com/img/1780167879-TIKm865LCoP4H39lnEfVa7wc.jpg,unknown
member-256,こはね,코하네,KOHANE,POCOX2LOGIN,https://x.com/POCO_KOHANE,https://assets.st-note.com/img/1780167887-dlRGi6b4KfwXmuOV8nUjoHaN.jpg,unknown
member-257,しろ,시로,SIRO,POCOX2LOGIN,https://x.com/POCO_SIRO,https://assets.st-note.com/img/1780167887-IdKOMlpY4a2RZTjC7uo90rEy.jpg,unknown
member-258,アノン,아논,ANON,MADCODE,https://x.com/madcode_anon,https://assets.st-note.com/img/1780167838-rLjMl0xoCDmWPVdUY2KeBpsu.jpg,unknown
member-259,ナナミ,나나미,NANAMI,MADCODE,https://x.com/madcode_nanami,https://assets.st-note.com/img/1780167849-u23nXxMloKYA1PCVkO7cT5Dj.jpg,unknown
member-260,ロミ,로미,ROMI,MADCODE,https://x.com/madcode_romi,https://assets.st-note.com/img/1780167849-z32mSqA1EBaZoMW0sXhGVIwU.jpg,unknown
member-261,シエル,시엘,CIEL,MADCODE,https://x.com/madcode_ciel,https://assets.st-note.com/img/1780167849-jdtiM6BPufOweR1mD23qNy8G.jpg,unknown
member-262,チェガルリャン,제갈량,JEGALRYANG,JEGALRYANG,https://x.com/247ze_,https://assets.st-note.com/img/1780167828-KMnBb98wjvyImN75GDTVcre6.jpg,unknown
member-263,セイヤ,세이야,SEIYA,CYDE1IC,https://x.com/CYDE1iC_Se1Y4,https://assets.st-note.com/img/1780167798-8ox93MFCIQHKWmXDBguLaS2b.jpg,unknown
member-264,イチ,이치,ICHI,CYDE1IC,https://x.com/CYDE1iC_1cH1,https://assets.st-note.com/img/1780167798-hEypJUW5RCqlrGXzVumn9SPw.jpg,unknown
member-265,ロジ,로지,ROZI,CYDE1IC,https://x.com/CYDE1iC_R0s1,https://assets.st-note.com/img/1780167798-DOUg7iof5WNSvBh3bM4dVzwn.jpg,unknown
member-266,ゆきな,유키나,YUKINA,CYDE1IC,https://x.com/CYDE1iC_YuK1n4,https://assets.st-note.com/img/1780167798-azdTm3ygnj9JOCcP8tA2oIwY.jpg,unknown
member-267,シュイ,슈이,SHUI,SHIRONA,https://x.com/SHIRONA_SHUI,https://assets.st-note.com/img/1780167887-rgwAobkYsfuBTUi2E0HxyvNe.jpg,unknown
member-268,チユ,치유,CHIYU,SHIRONA,https://x.com/SHIRONA_CHIYU,https://assets.st-note.com/img/1780167887-uqUZzb04gN35mraW2I1PwtDx.jpg,unknown
member-269,ティア,티아,TIA,SHIRONA,https://x.com/SHIRONA_TIA,https://assets.st-note.com/img/1780167887-Bhr4UVCoGWuH8t5fnZRdqFO7.jpg,unknown
member-270,チュール,츄르,CHURU,LOGSHITE,https://x.com/LOGSHITE_CHURU,https://assets.st-note.com/img/1780167838-M8PBiptEJIhmXcKZd4sTeNYQ.jpg,unknown
member-271,レオ,레오,REO,LOGSHITE,https://x.com/LOGSHITE_REO,https://assets.st-note.com/img/1780167838-M5GCZk9LntqUxIg8l62pQs31.jpg,unknown
member-272,ヒカリ,히카리,HIKARI,LOGSHITE,https://x.com/LOGSHITE_HIKARI,https://assets.st-note.com/img/1780167838-jx93J5UnsHWO76e2RBDq8hkb.jpg,unknown
member-273,ブイ,브이,VEE,LOGSHITE,https://x.com/LOGSHITE_VEE,https://assets.st-note.com/img/1780167838-aoefIb7gUH3dhrOptKFTPDmQ.jpg,unknown
member-274,とあ,토아,TOA,TORISETSU,https://x.com/TRST_ToA,https://assets.st-note.com/img/1780167894-yFz5VWcTXEKBj4herR6CSldx.jpg,unknown
member-275,キラ,키라,KIRA,TORISETSU,https://x.com/TRST_KirA,https://assets.st-note.com/img/1780167894-lDOTNghmHp9ysjuFdVeP54Zt.jpg,unknown
member-276,チナ,치나,TINA,TORISETSU,https://x.com/TRST_TinA,https://assets.st-note.com/img/1780167894-Xc7oHISGi3YMlPNgtqLre5U2.jpg,unknown
member-277,アイラ,아이라,AIRA,LAPICA,https://x.com/Lapica_aira,https://assets.st-note.com/img/1780167828-nS2pjKexk5PNc38qGa7VJUh9.jpg,unknown
member-278,みえ,미에,MIE,LAPICA,https://x.com/Lapica_MiE,https://assets.st-note.com/img/1780167838-S5HcGDErVNd9khs3CnX2BWaI.jpg,unknown
member-279,ことね,코토네,KOTONE,LAPICA,https://x.com/Lapica_K0T0NE,https://assets.st-note.com/img/1780167828-trzCceGEoMuLXF9N2Uv0OkYs.jpg,unknown
member-280,ミル,미루,MIRU,NEMURIYUME,https://x.com/nemuyume_miru,https://assets.st-note.com/img/1780167869-jRv6ZObwxfN1r7tcJU5XLWMs.jpg,unknown
member-281,コオリ,코오리,KOORI,NEMURIYUME,https://x.com/nemuyume_koori,https://assets.st-note.com/img/1780167869-kEBDXYmjlx7GndOWyTtI0ZRF.jpg,unknown
member-282,せりな,세리나,SERINA,NEMURIYUME,https://x.com/nemuyume_serina,https://assets.st-note.com/img/1780167869-CQuEgT5Joze2l9vPpIxVMm3D.jpg,unknown
member-283,キサキ,키사키,KISAKI,NAMIKAI,https://x.com/KISAKI_NMK,https://assets.st-note.com/img/1780167879-YkSUGxMiN0TgEd2vofAsu5tm.jpg,unknown
member-284,シロ,시로,SIRO,NAMIKAI,https://x.com/siro_NMK,https://assets.st-note.com/img/1780167879-0RY1K3cvDpO9NF6uhZXLWa7H.jpg,unknown
member-285,コイ,코이,KOI,NAMIKAI,https://x.com/Koi_NMK,https://assets.st-note.com/img/1780167879-cXhqDurS5JFU4gs7Vke29NGv.jpg,unknown
member-286,まゆう,마유우,MAYUU,HNMT,https://x.com/HNMT_mayuu,https://assets.st-note.com/img/1780167818-IhGFZUpr6tsmzSHkKPqM4cBT.jpg,unknown
member-287,にこ,니코,NIKO,HNMT,https://x.com/HNMT_niko,https://assets.st-note.com/img/1780167818-VhEvuWgCIst3XHQiAzDclrGy.jpg,unknown
member-288,いろ,이로,IRO,HNMT,https://x.com/HNMT_iro,https://assets.st-note.com/img/1780167818-oWCO4lgLD2dNc81aFMbPevHT.jpg,unknown
member-289,ちろ,치로,CHIRO,HNMT,https://x.com/HNMT_chiro,https://assets.st-note.com/img/1780167808-kFy2nbauIfvgHrxALpjEw4qY.jpg,unknown
member-290,ると,루토,RUTO,HNMT,https://x.com/HNMT_ruto,https://assets.st-note.com/img/1780167818-X0gTewdj2yWQBKUPGN3VRs5r.jpg,unknown
member-291,リュノ,류노,RYUNO,SINGWANGYO,https://x.com/RYUNO_SGG,https://assets.st-note.com/img/1780167887-1kY4DGWrz9PxKFNsHcvZXReq.jpg,unknown
member-292,マヤ,마야,MAYA,SINGWANGYO,https://x.com/MAYA_SINGWANGYO,https://assets.st-note.com/img/1780167887-h1kOfDBdUvajG2FZX7Q8tYib.jpg,unknown
member-293,みゅあ,뮤아,MYUA,DEBUG,https://x.com/DEBUG_MYUA,https://assets.st-note.com/img/1780167808-5vc9jzNAJ3hKokPfYFdWgnDp.jpg,unknown
member-294,あく,아쿠,AKU,DEBUG,https://x.com/DEBUG_AKU,https://assets.st-note.com/img/1780167808-1o0RykCL4XYwJMb67nQsIrja.jpg,unknown
member-295,うみ,우미,UMI,MPK46,https://x.com/JIBAKU_UMI,https://assets.st-note.com/img/1780167869-w49aBPOUD28izjRbSQhLTrJo.jpg,unknown
member-296,ネタミタミ,네타미타미,NETAMITAMI,MPK46,https://x.com/netamitami_,https://assets.st-note.com/img/1780167869-CW3xo25H8LNmtOjcwMIqTlBD.jpg,unknown
member-297,なか,나카,NAKA,HATSULUMI,https://x.com/HTLM_Naka,https://assets.st-note.com/img/1780167818-hPz4kDi5BWgNqp7SrUZEQHTC.jpg,unknown
member-298,あわ,아와,AWA,HATSULUMI,https://x.com/HTLM_AwA,https://assets.st-note.com/img/1780167818-0hd9u1ybeXPT5jtw3RYkD4VQ.jpg,unknown
member-299,よう,요우,YOU,HATSULUMI,https://x.com/HTLM_You,https://assets.st-note.com/img/1780167818-4RfKri7d6Eyh1kLYGXQ0cUSH.jpg,unknown
member-300,ヌフ,누후,NUHU,NEWN,https://x.com/NEWN_nuhu,https://assets.st-note.com/img/1780167879-4lS8nEDZC1a90eRXyoMgTwtA.jpg,unknown
member-301,ソニャ,소냐,SONYA,NEWN,https://x.com/NEWN_sonya,https://assets.st-note.com/img/1780167879-n70ARyYuCHIZQ3J8VUtgb56x.jpg,unknown
member-302,ニノ,니노,NINO,NEWN,https://x.com/NEWN_nino,https://assets.st-note.com/img/1780167869-TmJqIYoceVrzfyS6KGpsdZ2D.jpg,unknown
member-303,アン,안,ANN,NEWN,https://x.com/NEWN_ann,https://assets.st-note.com/img/1780167869-GIdr06nEZaPe9jDF5VkWbKw4.jpg,unknown
member-304,コヤ,코야,KOYA,KOYAZUHA,https://x.com/K0Y4_KeroKer0,https://assets.st-note.com/img/1780167869-T218s6drkZzmJRX9QM0KLlfb.jpg,unknown
member-305,かずは,카즈하,KAZUHA,KOYAZUHA,https://x.com/_ka2uha,https://assets.st-note.com/img/1780167828-NlGZKnBJ9xIRqC50mfeHp43P.jpg,unknown
member-309,ツモリ,츠모리,4.tsumoRi,AKSR,https://x.com/AKSR_tsumori,https://assets.st-note.com/img/1780167777-Jytcad8BsbPwS1q7gvRUhH53.jpg,unknown
member-310,れい,레이,REI,AKSR,https://x.com/AKSR_rei,https://assets.st-note.com/img/1780167777-26iodN9OyWFuK8TkSxLBCVqQ.jpg,unknown
member-311,エト,에토,ETOH,AKSR,https://x.com/AKSR_ETOH,https://assets.st-note.com/img/1780167777-TZqabVO2d4tIBmUAf9pvjsuP.jpg,unknown
member-312,ダル,달,DAL,UFOI,https://x.com/UFOi_DAL,https://assets.st-note.com/img/1780167901-qX1koMiWSpZe3wu6FcQs8x5z.jpg,unknown
member-313,サエ,사에,SAE,HCST,https://x.com/HCST_sae,https://assets.st-note.com/img/1780363459-fCIyHJGXBTbk3hi6EmUanNSj.jpg,unknown
member-314,ウユ,우유,UYU,HCST,https://x.com/HCST_uyu,https://assets.st-note.com/img/1780363459-AN56UGbwCHKJhnLTiRfldPx0.jpg,unknown
member-315,ハナ,하나,HANA,SOLANIN,https://x.com/solanin_hana,https://assets.st-note.com/img/1780363211-OwsUPNy8RWXprhEVHAzeqxC5.jpg,unknown
member-316,ココ,코코,COCO,MEMORIA,https://x.com/Coco_Memoria,https://assets.st-note.com/img/1780363211-iHmDSA91Y2kpWNwKxh0TlfV4.jpg,unknown
member-317,ネオン,네온,NEON,MEWRO,https://x.com/Mewro_N3ON,https://assets.st-note.com/img/1780363211-c1QChLFXPyYUelGJ8M3do0Hf.jpg,unknown
member-318,クヨ,쿠요,KUYO,NOLIMIT,https://x.com/NoLimit_Kuyo,https://assets.st-note.com/img/1780363211-wtd0o7HzfBOYaXl1yVWA823j.jpg,unknown
member-319,ヒヨ,히요,HIYO,PANDOAKU,https://x.com/yukari_hiyo,https://assets.st-note.com/img/1780363211-AEfQXTz8lFRn0dqyHUL723ix.jpg,unknown
member-320,Qさ,큐사,QSA,REIEI,https://x.com/Reiei_Qsa,https://assets.st-note.com/img/1780363211-BrbDEkCL7tUf6JWMYP9IxZQS.jpg,unknown
member-321,ミツ,미츠,MITSU,BETTER,https://x.com/tt_3itsu,https://assets.st-note.com/img/1780363211-yXhaebZoFNVEJBK8YLgq3iHs.jpg,unknown
member-322,霙(ミゾレ),미조레,MII,LuciDreaM,https://x.com/LuciDreaM_mii,https://assets.st-note.com/img/1780363211-z8ZDXNaof9UThQRpjismGM1L.jpg,unknown
member-323,ハクトラ,하쿠토라,HAKUTORA,LuciDreaM,https://x.com/LuciDreaM_Tora,https://assets.st-note.com/img/1780363211-7Zd8pgLsetoGwXaEckBVqPRD.jpg,unknown
member-324,エン,엔,EN,UGOPOUPEE,https://x.com/ENIMUNIDA,https://assets.st-note.com/img/1780363211-pjlA27Jz1HvgPiRdXLuVboBQ.jpg,unknown
member-325,フワ,후와,HUWA,HCST,https://x.com/HCST_huwa,https://assets.st-note.com/img/1780759781-INuDz8exjkg6dUP39GJXyfaO.jpg,unknown